# ************************************************************
# Sequel Pro SQL dump
# Version 4096
#
# http://www.sequelpro.com/
# http://code.google.com/p/sequel-pro/
#
# Host: localhost (MySQL 5.5.25)
# Database: code-puzzle
# Generation Time: 2014-08-28 11:20:24 +0000
# ************************************************************


/*!40101 SET @OLD_CHARACTER_SET_CLIENT=@@CHARACTER_SET_CLIENT */;
/*!40101 SET @OLD_CHARACTER_SET_RESULTS=@@CHARACTER_SET_RESULTS */;
/*!40101 SET @OLD_COLLATION_CONNECTION=@@COLLATION_CONNECTION */;
/*!40101 SET NAMES utf8 */;
/*!40014 SET @OLD_FOREIGN_KEY_CHECKS=@@FOREIGN_KEY_CHECKS, FOREIGN_KEY_CHECKS=0 */;
/*!40101 SET @OLD_SQL_MODE=@@SQL_MODE, SQL_MODE='NO_AUTO_VALUE_ON_ZERO' */;
/*!40111 SET @OLD_SQL_NOTES=@@SQL_NOTES, SQL_NOTES=0 */;


# Dump of table codePiece
# ------------------------------------------------------------

DROP TABLE IF EXISTS `codePiece`;

CREATE TABLE `codePiece` (
  `id` int(11) unsigned NOT NULL AUTO_INCREMENT,
  `answer` varchar(40) DEFAULT NULL,
  PRIMARY KEY (`id`)
) ENGINE=InnoDB AUTO_INCREMENT=51 DEFAULT CHARSET=latin1;

LOCK TABLES `codePiece` WRITE;
/*!40000 ALTER TABLE `codePiece` DISABLE KEYS */;

INSERT INTO `codePiece` (`id`, `answer`)
VALUES
	(1,'<html>'),
	(2,'</html>'),
	(3,'<!doctype html>'),
	(4,'<!html>'),
	(5,'<doc>'),
	(6,'<figcation>'),
	(7,'</figcaption>'),
	(8,'caption'),
	(9,'<fig>'),
	(10,'<!fig>'),
	(11,'<!button type=\"button\">'),
	(12,'<button type=\"button\">'),
	(13,'</butt>'),
	(14,'Click Me!'),
	(15,'</button>'),
	(16,'<footer>'),
	(17,'<p>footer text</p>'),
	(18,'</footer>'),
	(19,'<foot>'),
	(20,'<!foot>'),
	(21,'<audio controls>'),
	(22,'<source src = \"video.ogg\">'),
	(23,'</audio>'),
	(24,'<!audio>'),
	(25,'<controls>'),
	(26,'<article>'),
	(27,'<h1>This is a header</h1>'),
	(28,'</article>'),
	(29,'<!article>'),
	(30,'<article = \"content\">'),
	(31,'<aside>'),
	(32,'<p>This is a paragraph</p>'),
	(33,'</aside>'),
	(34,'<side>'),
	(35,'</side>'),
	(36,'<canvas id=\"myCanvas\">'),
	(37,'</canvas>'),
	(38,'<canvas>'),
	(39,'<//canvas>'),
	(40,' <img src=\"fallback_image.jpg\" />'),
	(41,'<select>'),
	(42,'<option value = \"one\"> Option </option>'),
	(43,'</select>'),
	(44,'<opt value = \"one\"> Option </option>'),
	(45,'<droplist>'),
	(46,'<dl>'),
	(47,'<dt>Term</dt><dd>Description</dd>'),
	(48,'</dl>'),
	(49,'<ddl>'),
	(50,'<dl>Term</dl><dd>Description</dd>');

/*!40000 ALTER TABLE `codePiece` ENABLE KEYS */;
UNLOCK TABLES;


# Dump of table question
# ------------------------------------------------------------

DROP TABLE IF EXISTS `question`;

CREATE TABLE `question` (
  `id` int(11) unsigned NOT NULL AUTO_INCREMENT,
  `question` varchar(100) DEFAULT NULL,
  `cp1` varchar(11) DEFAULT NULL,
  `cp2` varchar(11) DEFAULT NULL,
  `cp3` varchar(11) DEFAULT NULL,
  `cp4` varchar(11) DEFAULT NULL,
  `cp5` varchar(11) DEFAULT NULL,
  `answer1` varchar(11) DEFAULT NULL,
  `answer2` varchar(11) DEFAULT NULL,
  `answer3` varchar(11) DEFAULT NULL,
  PRIMARY KEY (`id`)
) ENGINE=InnoDB AUTO_INCREMENT=11 DEFAULT CHARSET=latin1;

LOCK TABLES `question` WRITE;
/*!40000 ALTER TABLE `question` DISABLE KEYS */;

INSERT INTO `question` (`id`, `question`, `cp1`, `cp2`, `cp3`, `cp4`, `cp5`, `answer1`, `answer2`, `answer3`)
VALUES
	(1,'create a html page?','3','4','1','5','2','3','1','2'),
	(2,'What defines a caption for a &lt;figure&gt; element?','7','6','8','9','10','6','8','7'),
	(3,'Create a clickable button?','11','12','13','14','15','12','14','15'),
	(4,'Describe a footer element with a paragraph?','19','17','16','18','20','16','17','18'),
	(5,'What tag defines sound?','23','24','22','21','25','21','22','23'),
	(6,'Which tag specifies independent, self-contained content?','30','26','29','27','28','26','27','28'),
	(7,'Which tag defines content aside from the content it is placed in?','33','34','32','35','31','31','32','33'),
	(8,'Which tag is used to draw graphics?','40','39','38','36','37','36','40','37'),
	(9,'Which tags are used to create a drop-down list?','42','44','43','41','45','41','42','43'),
	(10,'Which tags define a description list?','48','49','47','46','50','46','47','48');

/*!40000 ALTER TABLE `question` ENABLE KEYS */;
UNLOCK TABLES;


# Dump of table review
# ------------------------------------------------------------

DROP TABLE IF EXISTS `review`;

CREATE TABLE `review` (
  `id` int(11) unsigned NOT NULL AUTO_INCREMENT,
  `user_id` int(11) unsigned NOT NULL,
  `question_id` int(11) DEFAULT NULL,
  `n_value` int(11) DEFAULT NULL,
  `nextReview` date DEFAULT NULL,
  `q` varchar(11) DEFAULT NULL,
  `completed` tinyint(1) DEFAULT NULL,
  PRIMARY KEY (`id`)
) ENGINE=InnoDB AUTO_INCREMENT=580 DEFAULT CHARSET=latin1;

LOCK TABLES `review` WRITE;
/*!40000 ALTER TABLE `review` DISABLE KEYS */;

INSERT INTO `review` (`id`, `user_id`, `question_id`, `n_value`, `nextReview`, `q`, `completed`)
VALUES
	(58,1,1,4,'2014-08-25','5',NULL),
	(59,1,2,10,'2019-10-29','4',NULL),
	(60,1,3,3,'2014-08-15','5',NULL),
	(61,1,4,4,'2014-08-29','5',NULL),
	(62,1,5,2,'2014-08-10','5',NULL),
	(63,1,6,2,'2014-08-10','5',NULL),
	(64,1,7,5,'2014-09-07','5',NULL),
	(65,1,8,1,'2014-08-08','2',NULL),
	(66,1,9,2,'2014-08-10','5',NULL),
	(67,1,10,2,'2014-08-10','4',NULL),
	(68,1,1,5,'2014-09-24','5',NULL),
	(69,1,2,11,'2027-02-22','5',NULL),
	(70,1,3,4,'2014-08-29','5',NULL),
	(71,1,4,5,'2014-08-11','5',NULL),
	(72,1,5,3,'2014-08-15','5',NULL),
	(73,1,6,3,'2014-08-15','5',NULL),
	(74,1,7,6,'2014-10-28','5',NULL),
	(75,1,8,2,'2014-08-10','5',NULL),
	(76,1,9,3,'2014-08-15','5',NULL),
	(77,1,10,3,'2014-08-15','5',NULL),
	(78,1,1,6,'2014-12-17','5',NULL),
	(79,1,2,12,'2045-12-17','5',NULL),
	(80,1,3,5,'2014-10-10','5',NULL),
	(81,1,4,6,'2015-12-15','5',NULL),
	(82,1,5,4,'2014-08-29','5',NULL),
	(83,1,6,4,'2014-08-29','5',NULL),
	(84,1,7,7,'2015-03-21','5',NULL),
	(85,1,8,3,'2014-08-15','5',NULL),
	(86,1,9,4,'2014-08-29','5',NULL),
	(87,1,10,4,'2014-08-29','5',NULL),
	(88,6,1,2,'2014-08-11','5',NULL),
	(89,6,1,3,'2014-08-16','3',NULL),
	(90,6,2,2,'2014-08-12','4',NULL),
	(91,6,3,1,'2014-08-10','3',NULL),
	(92,6,4,2,'2014-08-12','5',NULL),
	(93,6,5,2,'2014-08-12','4',NULL),
	(94,6,6,2,'2014-08-12','4',NULL),
	(95,6,7,2,'2014-08-12','5',NULL),
	(96,6,8,2,'2014-08-12','5',NULL),
	(97,6,9,2,'2014-08-12','4',NULL),
	(98,6,10,2,'2014-08-12','4',NULL),
	(99,6,1,2,'2014-08-12','4',NULL),
	(100,6,2,2,'2014-08-12','4',NULL),
	(101,6,3,2,'2014-08-12','5',NULL),
	(102,6,4,2,'2014-08-12','4',NULL),
	(103,6,5,1,'2014-08-10','3',NULL),
	(104,6,6,2,'2014-08-12','4',NULL),
	(105,6,7,2,'2014-08-12','5',NULL),
	(106,6,8,2,'2014-08-12','5',NULL),
	(107,6,9,2,'2014-08-12','5',NULL),
	(108,6,10,2,'2014-08-12','4',NULL),
	(109,6,3,3,'2014-08-17','5',NULL),
	(110,6,9,3,'2014-08-17','5',NULL),
	(111,7,1,2,'2014-08-12','5',NULL),
	(112,7,2,2,'2014-08-12','5',NULL),
	(113,7,3,2,'2014-08-12','4',NULL),
	(114,7,4,2,'2014-08-12','5',NULL),
	(115,7,5,2,'2014-08-12','5',NULL),
	(116,7,6,2,'2014-08-12','5',NULL),
	(117,7,7,2,'2014-08-12','5',NULL),
	(118,7,8,2,'2014-08-12','5',NULL),
	(119,7,9,2,'2014-08-12','5',NULL),
	(120,7,10,2,'2014-08-12','5',NULL),
	(121,8,1,1,'2014-08-10','3',NULL),
	(122,8,2,2,'2014-08-12','5',NULL),
	(123,8,3,2,'2014-08-12','5',NULL),
	(124,8,4,2,'2014-08-12','5',NULL),
	(125,8,5,2,'2014-08-12','5',NULL),
	(126,8,6,2,'2014-08-12','5',NULL),
	(127,8,7,2,'2014-08-12','5',NULL),
	(128,8,8,2,'2014-08-12','5',NULL),
	(129,8,9,2,'2014-08-12','5',NULL),
	(130,8,10,1,'2014-08-10','3',NULL),
	(131,8,8,3,'2014-08-16','3',NULL),
	(132,6,1,3,'2014-08-17','5',NULL),
	(133,9,1,1,'2014-08-10','1',NULL),
	(134,9,2,1,'2014-08-10','1',NULL),
	(135,9,3,2,'2014-08-12','4',NULL),
	(136,9,4,2,'2014-08-12','4',NULL),
	(137,9,5,1,'2014-08-10','2',NULL),
	(138,9,6,2,'2014-08-12','4',NULL),
	(139,9,7,2,'2014-08-12','4',NULL),
	(140,9,8,2,'2014-08-12','4',NULL),
	(141,9,9,2,'2014-08-12','4',NULL),
	(142,9,10,2,'2014-08-12','4',NULL),
	(143,9,10,3,'2014-08-17','4',NULL),
	(144,9,10,4,'2014-08-30','5',NULL),
	(145,9,4,1,'2014-08-10','1',NULL),
	(146,10,1,1,'2014-08-10','1',NULL),
	(147,10,2,1,'2014-08-10','1',NULL),
	(148,10,3,2,'2014-08-12','4',NULL),
	(149,10,4,2,'2014-08-12','5',NULL),
	(150,10,5,1,'2014-08-10','3',NULL),
	(151,10,6,2,'2014-08-12','4',NULL),
	(152,10,7,2,'2014-08-12','4',NULL),
	(153,10,8,2,'2014-08-12','5',NULL),
	(154,10,9,2,'2014-08-12','5',NULL),
	(155,10,10,2,'2014-08-12','4',NULL),
	(156,1,1,7,'2015-06-28','2',NULL),
	(157,12,1,1,'2014-08-11','1',NULL),
	(158,12,2,2,'2014-08-13','5',NULL),
	(159,12,3,2,'2014-08-13','5',NULL),
	(160,12,4,2,'2014-08-13','5',NULL),
	(161,12,5,1,'2014-08-11','3',NULL),
	(162,12,6,2,'2014-08-13','5',NULL),
	(163,12,7,1,'2014-08-11','3',NULL),
	(164,12,8,1,'2014-08-11','3',NULL),
	(165,12,9,2,'2014-08-13','5',NULL),
	(166,12,10,2,'2014-08-13','5',NULL),
	(167,1,1,1,'2014-08-17','1',NULL),
	(168,1,1,1,'2014-08-17','0',NULL),
	(169,1,1,2,'2014-08-19','5',NULL),
	(170,13,1,1,'2014-08-17','1',NULL),
	(171,13,2,2,'2014-08-19','5',NULL),
	(172,13,3,2,'2014-08-19','5',NULL),
	(173,13,4,2,'2014-08-19','5',NULL),
	(174,13,5,2,'2014-08-19','4',NULL),
	(175,13,6,2,'2014-08-19','5',NULL),
	(176,13,7,2,'2014-08-19','5',NULL),
	(177,13,8,2,'2014-08-19','5',NULL),
	(178,13,9,2,'2014-08-19','4',NULL),
	(179,13,10,2,'2014-08-19','4',NULL),
	(180,13,1,2,'2014-08-19','5',NULL),
	(181,13,1,3,'2014-08-23','3',NULL),
	(182,13,1,4,'2014-09-03','5',NULL),
	(183,13,1,1,'2014-08-17','1',NULL),
	(184,1,6,5,'2014-10-20','5',NULL),
	(185,1,7,1,'2014-08-18','1',NULL),
	(186,1,6,6,'2015-02-10','3',NULL),
	(187,1,6,7,'2015-12-19','4',NULL),
	(188,1,1,1,'2014-08-18','1',NULL),
	(189,14,1,1,'2014-08-18','3',NULL),
	(190,14,1,1,'2014-08-18','3',NULL),
	(191,14,2,2,'2014-08-20','5',NULL),
	(192,14,3,2,'2014-08-20','5',NULL),
	(193,14,4,2,'2014-08-20','5',NULL),
	(194,14,5,1,'2014-08-18','3',NULL),
	(195,14,6,2,'2014-08-20','5',NULL),
	(196,14,7,1,'2014-08-18','0',NULL),
	(197,14,8,1,'2014-08-18','3',NULL),
	(198,14,9,2,'2014-08-20','4',NULL),
	(199,14,10,2,'2014-08-20','5',NULL),
	(200,14,10,3,'2014-08-25','5',NULL),
	(201,14,1,1,'2014-08-17','1',NULL),
	(202,14,1,1,'2014-08-17','1',NULL),
	(203,14,1,1,'2014-08-17','1',NULL),
	(204,14,1,1,'2014-08-17','1',NULL),
	(205,14,1,1,'2014-08-17','1',NULL),
	(206,14,1,1,'2014-08-17','1',NULL),
	(207,14,1,1,'2014-08-17','1',NULL),
	(208,14,1,1,'2014-08-17','1',NULL),
	(209,14,1,1,'2014-08-17','1',NULL),
	(210,14,1,1,'2014-08-17','1',NULL),
	(211,14,1,1,'2014-08-17','1',NULL),
	(212,14,1,1,'2014-08-17','1',NULL),
	(213,14,1,1,'2014-08-17','1',NULL),
	(214,14,1,1,'2014-08-17','1',NULL),
	(215,14,1,1,'2014-08-17','1',NULL),
	(216,14,1,1,'2014-08-17','1',NULL),
	(217,14,1,1,'2014-08-17','1',NULL),
	(218,14,1,1,'2014-08-17','1',NULL),
	(219,14,10,1,'2014-08-17','1',NULL),
	(220,14,10,1,'2014-08-17','1',NULL),
	(221,14,10,1,'2014-08-17','1',NULL),
	(222,14,10,1,'2014-08-17','1',NULL),
	(223,14,1,2,'2014-08-22','4',NULL),
	(224,14,1,1,'2014-08-18','1',NULL),
	(225,14,2,3,'2014-08-25','5',NULL),
	(226,14,1,1,'2014-08-18','2',NULL),
	(227,14,1,2,'2014-08-24','5',NULL),
	(228,14,1,3,'2014-08-24','3',NULL),
	(229,14,1,4,'2014-09-04','5',NULL),
	(230,14,1,1,'2014-08-18','1',NULL),
	(231,14,2,1,'2014-08-18','0',NULL),
	(232,14,9,3,'2014-08-24','2',NULL),
	(233,14,7,1,'2014-08-18','3',NULL),
	(234,14,6,3,'2014-08-25','4',NULL),
	(235,14,6,4,'2014-09-08','5',NULL),
	(236,14,2,2,'2014-08-20','5',NULL),
	(237,14,3,3,'2014-08-25','4',NULL),
	(238,14,1,2,'2014-08-02','5',NULL),
	(239,14,1,3,'2014-08-25','5',NULL),
	(240,14,1,4,'2014-09-06','3',NULL),
	(241,14,1,1,'2014-08-18','0',NULL),
	(242,14,3,4,'2014-09-08','5',NULL),
	(243,14,3,1,'2014-08-18','0',NULL),
	(244,1,3,6,'2015-02-19','4',NULL),
	(245,1,4,7,'2016-04-03','5',NULL),
	(246,1,1,1,'2014-08-18','0',NULL),
	(247,1,1,1,'2014-08-18','3',NULL),
	(248,1,5,5,'2014-10-17','3',NULL),
	(249,1,1,1,'2014-08-18','0',NULL),
	(250,8,9,1,'2014-08-20','1',NULL),
	(251,8,7,1,'2014-08-20','1',NULL),
	(252,8,10,1,'2014-08-20','1',NULL),
	(253,8,10,2,'2014-08-23','5',NULL),
	(254,1,1,2,'2014-08-23','5',NULL),
	(255,1,8,4,'2014-08-20','5',NULL),
	(256,8,1,1,'2014-08-20','1',NULL),
	(257,8,4,1,'2014-08-20','1',NULL),
	(258,8,2,1,'2014-08-20','1',NULL),
	(259,6,7,1,'2014-08-20','1',NULL),
	(260,6,4,1,'2014-08-20','1',NULL),
	(261,6,2,1,'2014-08-20','1',NULL),
	(262,6,5,1,'2014-08-20','1',NULL),
	(263,6,6,1,'2014-08-20','1',NULL),
	(264,6,8,1,'2014-08-20','1',NULL),
	(265,6,10,1,'2014-08-20','1',NULL),
	(266,6,9,4,'2014-09-09','3',NULL),
	(267,6,3,4,'2014-09-11','5',NULL),
	(268,6,1,4,'2014-09-09','3',NULL),
	(269,6,6,1,'2014-08-21','2',NULL),
	(270,6,1,5,'2014-10-10','5',NULL),
	(271,6,1,6,'2015-01-03','5',NULL),
	(272,6,4,2,'2014-08-23','5',NULL),
	(273,1,2,13,'2088-08-25','3',NULL),
	(274,1,10,5,'2014-10-21','5',NULL),
	(275,1,7,1,'2014-08-21','2',NULL),
	(276,1,1,3,'2014-08-27','2',NULL),
	(277,1,7,1,'2014-08-21','3',NULL),
	(278,1,2,14,'2178-12-13','3',NULL),
	(279,1,2,1,'2014-08-21','0',NULL),
	(280,1,4,8,'2019-06-16','3',NULL),
	(281,1,8,5,'2014-10-18','3',NULL),
	(282,1,10,6,'2015-02-01','3',NULL),
	(283,1,10,7,'2015-11-02','4',NULL),
	(284,1,10,1,'2014-08-21','0',NULL),
	(285,15,1,1,'2014-08-22','1',NULL),
	(286,15,2,2,'2014-08-24','5',NULL),
	(287,15,3,1,'2014-08-22','2',NULL),
	(288,15,4,2,'2014-08-24','4',NULL),
	(289,15,5,2,'2014-08-24','5',NULL),
	(290,15,6,2,'2014-08-24','5',NULL),
	(291,15,7,2,'2014-08-24','5',NULL),
	(292,15,8,2,'2014-08-24','5',NULL),
	(293,15,9,2,'2014-08-24','5',NULL),
	(294,15,10,2,'2014-08-24','5',NULL),
	(295,15,10,3,'2014-08-29','5',NULL),
	(296,15,10,4,'2014-09-12','5',NULL),
	(297,15,10,5,'2014-10-24','5',NULL),
	(298,15,10,6,'2015-03-01','5',NULL),
	(299,15,10,7,'2016-04-07','5',NULL),
	(300,15,1,2,'2014-08-24','5',NULL),
	(301,15,2,3,'2014-08-29','5',NULL),
	(302,15,3,2,'2014-08-24','5',NULL),
	(303,15,4,3,'2014-08-29','5',NULL),
	(304,15,5,3,'2014-08-29','5',NULL),
	(305,15,6,3,'2014-08-29','5',NULL),
	(306,15,7,3,'2014-08-28','2',NULL),
	(307,15,8,3,'2014-08-29','5',NULL),
	(308,15,9,3,'2014-08-29','5',NULL),
	(309,15,10,8,'2019-11-07','5',NULL),
	(310,15,10,9,'2031-11-03','5',NULL),
	(311,15,10,10,'2068-12-29','3',NULL),
	(312,15,10,11,'2178-10-19','3',NULL),
	(313,15,10,12,'2526-10-28','5',NULL),
	(314,15,10,13,'3663-11-16','5',NULL),
	(315,16,1,1,'2014-08-22','2',NULL),
	(316,16,2,2,'2014-08-24','5',NULL),
	(317,16,3,2,'2014-08-24','5',NULL),
	(318,16,4,2,'2014-08-24','5',NULL),
	(319,16,5,2,'2014-08-24','5',NULL),
	(320,16,6,2,'2014-08-24','5',NULL),
	(321,16,7,2,'2014-08-24','5',NULL),
	(322,16,8,1,'2014-08-22','3',NULL),
	(323,16,9,2,'2014-08-24','5',NULL),
	(324,16,10,2,'2014-08-24','4',NULL),
	(325,16,1,1,'2014-08-22','3',NULL),
	(326,17,1,1,'2014-08-22','3',NULL),
	(327,17,2,1,'2014-08-22','2',NULL),
	(328,17,3,2,'2014-08-24','5',NULL),
	(329,17,4,2,'2014-08-24','5',NULL),
	(330,17,5,2,'2014-08-24','5',NULL),
	(331,17,6,2,'2014-08-24','5',NULL),
	(332,17,7,2,'2014-08-24','5',NULL),
	(333,17,8,2,'2014-08-24','5',NULL),
	(334,17,9,2,'2014-08-24','5',NULL),
	(335,17,10,2,'2014-08-24','5',NULL),
	(336,17,1,2,'2014-08-24','5',NULL),
	(337,17,1,3,'2014-08-29','5',NULL),
	(338,17,8,3,'2014-08-28','2',NULL),
	(339,1,2,1,'2014-08-22','3',NULL),
	(340,1,2,1,'2014-08-22','3',NULL),
	(341,1,1,1,'2014-08-21','1',NULL),
	(342,1,1,1,'2014-08-22','1',NULL),
	(343,1,4,9,'2027-05-14','2',NULL),
	(344,1,4,1,'2014-08-22','0',NULL),
	(345,1,6,1,'2014-08-22','0',NULL),
	(346,1,3,1,'2014-08-22','1',NULL),
	(347,1,1,1,'2014-08-22','3',NULL),
	(348,1,1,1,'2014-08-22','3',NULL),
	(349,1,6,2,'2014-08-24','4',NULL),
	(350,1,2,1,'2014-08-22','3',NULL),
	(351,1,4,1,'2014-08-22','0',NULL),
	(352,1,1,1,'2014-08-22','0',NULL),
	(353,1,1,1,'2014-08-22','3',NULL),
	(354,1,1,1,'2014-08-22','3',NULL),
	(355,1,2,2,'2014-08-24','5',NULL),
	(356,1,1,1,'2014-08-22','3',NULL),
	(357,1,1,1,'2014-08-22','3',NULL),
	(358,1,1,1,'2014-08-22','3',NULL),
	(359,1,1,1,'2014-08-22','1',NULL),
	(360,1,1,1,'2014-08-22','2',NULL),
	(361,1,1,1,'2014-08-22','2',NULL),
	(362,1,1,1,'2014-08-22','1',NULL),
	(363,1,1,1,'2014-08-23','2',NULL),
	(364,1,1,1,'2014-08-23','3',NULL),
	(365,1,1,2,'2014-08-25','5',NULL),
	(366,1,1,1,'2014-08-23','0',NULL),
	(367,1,1,2,'2014-08-25','5',NULL),
	(368,1,1,3,'2014-08-29','3',NULL),
	(369,1,3,1,'2014-08-23','0',NULL),
	(370,1,3,1,'2014-08-23','3',NULL),
	(371,1,3,1,'2014-08-23','3',NULL),
	(372,1,3,2,'2014-08-25','5',NULL),
	(373,1,3,3,'2014-08-29','3',NULL),
	(374,1,3,4,'2014-09-06','2',NULL),
	(375,1,3,5,'2014-09-21','3',NULL),
	(376,1,3,6,'2014-10-24','5',NULL),
	(377,1,7,1,'2014-08-23','3',NULL),
	(378,1,7,1,'2014-08-23','1',NULL),
	(379,1,1,4,'2014-09-09','2',NULL),
	(380,1,1,5,'2014-09-24','3',NULL),
	(381,1,2,3,'2014-09-01','2',NULL),
	(382,6,6,1,'2014-08-26','2',NULL),
	(383,6,6,1,'2014-08-26','3',NULL),
	(384,6,6,2,'2014-08-28','5',NULL),
	(385,6,6,3,'2014-09-02','5',NULL),
	(386,18,1,1,'2014-08-28','0',NULL),
	(387,18,2,1,'2014-08-28','2',NULL),
	(388,18,3,1,'2014-08-28','1',NULL),
	(389,18,4,2,'2014-08-30','4',NULL),
	(390,18,5,2,'2014-08-30','4',NULL),
	(391,18,6,2,'2014-08-30','4',NULL),
	(392,18,7,2,'2014-08-30','4',NULL),
	(393,18,8,1,'2014-08-28','2',NULL),
	(394,18,9,2,'2014-08-30','4',NULL),
	(395,18,10,2,'2014-08-30','4',NULL),
	(396,18,1,2,'2014-08-30','4',NULL),
	(397,18,1,3,'2014-09-04','4',NULL),
	(398,18,1,1,'2014-08-27','1',NULL),
	(399,18,1,2,'2014-08-30','4',NULL),
	(400,21,1,1,'2014-08-28','3',NULL),
	(401,22,1,2,'2014-08-30','5',NULL),
	(402,22,2,2,'2014-08-30','4',NULL),
	(403,22,3,1,'2014-08-28','2',NULL),
	(404,22,4,2,'2014-08-30','5',NULL),
	(405,22,5,2,'2014-08-30','4',NULL),
	(406,22,6,2,'2014-08-30','5',NULL),
	(407,22,7,2,'2014-08-30','5',NULL),
	(408,22,8,1,'2014-08-28','0',NULL),
	(409,22,9,2,'2014-08-30','5',NULL),
	(410,22,10,1,'2014-08-28','2',NULL),
	(411,22,2,3,'2014-09-04','5',NULL),
	(412,22,2,4,'2014-09-18','5',NULL),
	(413,22,2,5,'2014-10-18','2',NULL),
	(414,22,2,1,'2014-08-28','0',NULL),
	(415,22,2,1,'2014-08-28','3',NULL),
	(416,1,10,1,'2014-08-27','1',NULL),
	(417,1,10,2,'2014-08-30','5',NULL),
	(418,1,10,3,'2014-09-04','5',NULL),
	(419,1,1,6,'2014-10-22','3',NULL),
	(420,1,8,6,'2015-01-23','3',NULL),
	(421,6,1,7,'2015-08-05','3',NULL),
	(422,6,1,8,'2016-11-20','3',NULL),
	(423,6,1,1,'2014-08-28','1',NULL),
	(424,1,3,7,'2014-12-28','3',NULL),
	(425,1,1,7,'2014-12-15','5',NULL),
	(426,1,1,8,'2015-03-15','3',NULL),
	(427,1,4,1,'2014-08-28','1',NULL),
	(428,1,9,1,'2014-08-27','1',NULL),
	(429,1,9,2,'2014-08-30','4',NULL),
	(430,1,9,1,'2014-08-28','1',NULL),
	(431,1,7,1,'2014-08-28','3',NULL),
	(432,1,4,2,'2014-08-30','5',NULL),
	(433,1,4,3,'2014-09-04','5',NULL),
	(434,23,1,1,'2014-08-28','3',NULL),
	(435,23,2,2,'2014-08-30','4',NULL),
	(436,23,3,2,'2014-08-30','4',NULL),
	(437,23,4,1,'2014-08-28','3',NULL),
	(438,23,5,2,'2014-08-30','4',NULL),
	(439,23,6,2,'2014-08-30','4',NULL),
	(440,23,7,1,'2014-08-28','3',NULL),
	(441,23,8,1,'2014-08-28','2',NULL),
	(442,23,9,2,'2014-08-30','4',NULL),
	(443,23,10,2,'2014-08-30','4',NULL),
	(444,23,2,3,'2014-09-04','4',NULL),
	(445,23,2,4,'2014-09-17','5',NULL),
	(446,1,1,9,'2015-07-29','3',NULL),
	(447,1,1,10,'2016-04-16','5',NULL),
	(448,1,1,11,'2017-05-04','3',NULL),
	(449,1,1,1,'2014-08-28','1',NULL),
	(450,1,9,1,'1970-01-01','3',NULL),
	(451,1,8,7,'1970-01-01','5',NULL),
	(452,1,1,2,'1970-01-01','5',NULL),
	(453,1,1,1,'2014-08-27','1',NULL),
	(454,1,1,2,'2014-08-30','5',NULL),
	(455,1,1,3,'2014-09-03','3',NULL),
	(456,1,10,4,'2014-09-16','3',NULL),
	(457,1,9,1,'2014-08-27','1',NULL),
	(458,1,9,1,'2014-08-28','3',NULL),
	(459,1,9,1,'2014-08-28','3',NULL),
	(460,1,9,2,'2014-08-30','5',NULL),
	(461,1,10,5,'2014-10-14','3',NULL),
	(462,1,10,6,'2014-12-26','5',NULL),
	(463,1,1,4,'2014-09-12','3',NULL),
	(464,1,3,8,'2015-05-07','5',NULL),
	(465,1,3,1,'2014-08-28','0',NULL),
	(466,1,3,1,'2014-08-28','3',NULL),
	(467,1,3,2,'2014-08-30','5',NULL),
	(468,1,10,7,'2015-06-11','3',NULL),
	(469,1,10,8,'2016-06-02','3',NULL),
	(470,1,10,1,'2014-08-28','1',NULL),
	(471,1,7,2,'2014-08-30','4',NULL),
	(472,24,1,1,'2014-08-28','3',NULL),
	(473,24,2,2,'2014-08-30','5',NULL),
	(474,24,3,2,'2014-08-30','4',NULL),
	(475,24,4,2,'2014-08-30','5',NULL),
	(476,24,5,2,'2014-08-30','5',NULL),
	(477,24,6,2,'2014-08-30','4',NULL),
	(478,24,7,2,'2014-08-30','5',NULL),
	(479,24,8,1,'2014-08-28','0',NULL),
	(480,24,9,2,'2014-08-30','5',NULL),
	(481,24,10,1,'2014-08-28','3',NULL),
	(482,24,2,3,'2014-09-04','5',NULL),
	(483,24,6,1,'2014-08-28','1',NULL),
	(484,24,6,1,'2014-08-27','1',NULL),
	(485,24,3,1,'2014-08-28','0',NULL),
	(486,24,3,2,'2014-08-30','5',NULL),
	(487,24,3,3,'2014-09-03','3',NULL),
	(488,24,3,4,'2014-09-11','2',NULL),
	(489,24,4,3,'2014-09-03','2',NULL),
	(490,24,3,1,'2014-08-27','1',NULL),
	(491,24,3,1,'2014-08-28','3',NULL),
	(492,24,1,2,'2014-08-30','5',NULL),
	(493,24,10,1,'2014-08-28','3',NULL),
	(494,24,10,2,'2014-08-30','4',NULL),
	(495,24,10,3,'2014-09-03','3',NULL),
	(496,24,10,1,'2014-08-27','1',NULL),
	(497,24,10,1,'2014-08-28','3',NULL),
	(498,24,10,1,'2014-08-28','3',NULL),
	(499,24,10,2,'2014-08-30','5',NULL),
	(500,24,10,3,'2014-09-04','5',NULL),
	(501,24,10,4,'2014-09-15','2',NULL),
	(502,24,9,3,'2014-09-03','3',NULL),
	(503,24,10,5,'2014-10-13','5',NULL),
	(504,25,1,2,'2014-08-30','4',NULL),
	(505,25,2,2,'2014-08-30','5',NULL),
	(506,25,3,2,'2014-08-30','5',NULL),
	(507,25,4,1,'2014-08-28','3',NULL),
	(508,25,5,2,'2014-08-30','5',NULL),
	(509,25,6,2,'2014-08-30','5',NULL),
	(510,25,7,2,'2014-08-30','5',NULL),
	(511,25,8,2,'2014-08-30','5',NULL),
	(512,25,9,1,'2014-08-28','3',NULL),
	(513,25,10,2,'2014-08-30','5',NULL),
	(514,25,7,3,'2014-09-03','3',NULL),
	(515,25,1,3,'2014-09-04','5',NULL),
	(516,25,1,4,'2014-09-18','5',NULL),
	(517,1,1,5,'2014-10-01','3',NULL),
	(518,1,8,1,'2014-08-27','1',NULL),
	(519,1,6,3,'2014-09-04','5',NULL),
	(520,1,8,1,'2014-08-28','0',NULL),
	(521,1,8,1,'2014-08-28','2',NULL),
	(522,1,8,1,'2014-08-28','3',NULL),
	(523,1,8,2,'2014-08-30','5',NULL),
	(524,7,9,1,'2014-08-27','1',NULL),
	(525,7,10,1,'2014-08-27','1',NULL),
	(526,7,9,2,'2014-08-30','5',NULL),
	(527,7,9,3,'2014-09-04','5',NULL),
	(528,7,2,1,'2014-08-27','1',NULL),
	(529,7,2,1,'2014-08-28','3',NULL),
	(530,7,2,2,'2014-08-30','5',NULL),
	(531,7,2,3,'2014-09-04','5',NULL),
	(532,7,3,1,'2014-08-27','1',NULL),
	(533,7,3,2,'2014-08-30','4',NULL),
	(534,7,5,1,'2014-08-27','1',NULL),
	(535,7,5,2,'2014-08-30','5',NULL),
	(536,7,10,1,'2014-08-28','3',NULL),
	(537,1,9,3,'2014-09-04','5',NULL),
	(538,1,1,6,'2014-11-06','3',NULL),
	(539,1,1,7,'2015-01-26','5',NULL),
	(540,1,1,8,'2015-06-27','3',NULL),
	(541,1,1,9,'2016-05-27','5',NULL),
	(542,1,1,10,'2018-07-02','5',NULL),
	(543,1,1,11,'2021-11-19','2',NULL),
	(544,1,7,3,'2014-09-04','3',NULL),
	(545,1,7,4,'2014-09-13','3',NULL),
	(546,1,7,5,'2014-10-04','5',NULL),
	(547,26,1,1,'2014-08-29','3',NULL),
	(548,26,2,2,'2014-08-31','5',NULL),
	(549,26,3,2,'2014-08-31','5',NULL),
	(550,26,4,2,'2014-08-31','5',NULL),
	(551,26,5,2,'2014-08-31','5',NULL),
	(552,26,6,2,'2014-08-31','5',NULL),
	(553,26,7,2,'2014-08-31','5',NULL),
	(554,26,8,1,'2014-08-29','3',NULL),
	(555,26,9,2,'2014-08-31','5',NULL),
	(556,26,10,2,'2014-08-31','5',NULL),
	(557,26,1,2,'2014-08-31','5',NULL),
	(558,26,9,3,'2014-09-04','2',NULL),
	(559,26,8,1,'2014-08-28','1',NULL),
	(560,26,8,1,'2014-08-29','0',NULL),
	(561,26,8,2,'2014-08-31','5',NULL),
	(562,26,8,1,'2014-08-29','0',NULL),
	(563,26,8,1,'2014-08-29','3',NULL),
	(564,26,3,3,'2014-09-05','5',NULL),
	(565,26,3,4,'2014-09-17','3',NULL),
	(566,26,1,3,'2014-09-05','5',NULL),
	(567,26,1,4,'2014-09-19','5',NULL),
	(568,1,10,2,'2014-08-31','5',NULL),
	(569,26,3,5,'2014-10-20','5',NULL),
	(570,26,4,1,'2014-08-28','1',NULL),
	(571,26,4,2,'2014-08-31','5',NULL),
	(572,26,4,3,'2014-09-04','2',NULL),
	(573,26,7,3,'2014-09-05','5',NULL),
	(574,26,7,4,'2014-09-19','5',NULL),
	(575,26,7,1,'2014-08-29','0',NULL),
	(576,26,7,2,'2014-08-31','5',NULL),
	(577,26,7,3,'2014-09-04','3',NULL),
	(578,26,1,5,'2014-10-31','5',NULL),
	(579,26,3,6,'2014-12-30','2',NULL);

/*!40000 ALTER TABLE `review` ENABLE KEYS */;
UNLOCK TABLES;


# Dump of table user_1
# ------------------------------------------------------------

DROP TABLE IF EXISTS `user_1`;

CREATE TABLE `user_1` (
  `question_id` int(11) unsigned NOT NULL AUTO_INCREMENT,
  `n` int(11) NOT NULL,
  `newInt` int(11) NOT NULL,
  `EF` float NOT NULL,
  `previous_qValue` float DEFAULT NULL,
  `nextReview` datetime NOT NULL,
  `user_id` int(11) NOT NULL,
  PRIMARY KEY (`question_id`)
) ENGINE=InnoDB AUTO_INCREMENT=11 DEFAULT CHARSET=latin1;

LOCK TABLES `user_1` WRITE;
/*!40000 ALTER TABLE `user_1` DISABLE KEYS */;

INSERT INTO `user_1` (`question_id`, `n`, `newInt`, `EF`, `previous_qValue`, `nextReview`, `user_id`)
VALUES
	(1,11,2640,1.88,2,'2021-11-19 00:00:00',1),
	(2,3,7,2.28,2.5,'2014-09-01 00:00:00',1),
	(3,2,3,2.6,5,'2014-08-30 00:00:00',1),
	(4,3,8,2.7,5,'2014-09-04 00:00:00',1),
	(5,5,59,2.66,2.5,'2014-10-17 00:00:00',1),
	(6,3,8,2.6,5,'2014-09-04 00:00:00',1),
	(7,5,37,2.32,5,'2014-10-04 00:00:00',1),
	(8,2,3,2.6,5,'2014-08-30 00:00:00',1),
	(9,3,8,2.7,5,'2014-09-04 00:00:00',1),
	(10,2,3,2.6,5,'2014-08-31 00:00:00',1);

/*!40000 ALTER TABLE `user_1` ENABLE KEYS */;
UNLOCK TABLES;


# Dump of table user_10
# ------------------------------------------------------------

DROP TABLE IF EXISTS `user_10`;

CREATE TABLE `user_10` (
  `question_id` int(11) NOT NULL,
  `n` int(11) NOT NULL,
  `newInt` int(11) NOT NULL,
  `EF` float NOT NULL,
  `previous_qValue` float DEFAULT NULL,
  `nextReview` datetime NOT NULL,
  `user_id` int(11) NOT NULL,
  PRIMARY KEY (`question_id`)
) ENGINE=InnoDB DEFAULT CHARSET=utf8;

LOCK TABLES `user_10` WRITE;
/*!40000 ALTER TABLE `user_10` DISABLE KEYS */;

INSERT INTO `user_10` (`question_id`, `n`, `newInt`, `EF`, `previous_qValue`, `nextReview`, `user_id`)
VALUES
	(1,1,1,2.5,2.5,'2014-08-10 00:00:00',10),
	(2,1,1,2.5,2.5,'2014-08-10 00:00:00',10),
	(3,2,3,2.5,2.5,'2014-08-12 00:00:00',10),
	(4,2,3,2.6,2.5,'2014-08-12 00:00:00',10),
	(5,1,1,2.5,2.5,'2014-08-10 00:00:00',10),
	(6,2,3,2.5,2.5,'2014-08-12 00:00:00',10),
	(7,2,3,2.5,2.5,'2014-08-12 00:00:00',10),
	(8,2,3,2.6,2.5,'2014-08-12 00:00:00',10),
	(9,2,3,2.6,2.5,'2014-08-12 00:00:00',10),
	(10,2,3,2.5,2.5,'2014-08-12 00:00:00',10);

/*!40000 ALTER TABLE `user_10` ENABLE KEYS */;
UNLOCK TABLES;


# Dump of table user_12
# ------------------------------------------------------------

DROP TABLE IF EXISTS `user_12`;

CREATE TABLE `user_12` (
  `question_id` int(11) NOT NULL,
  `n` int(11) NOT NULL,
  `newInt` int(11) NOT NULL,
  `EF` float NOT NULL,
  `previous_qValue` float DEFAULT NULL,
  `nextReview` datetime NOT NULL,
  `user_id` int(11) NOT NULL,
  PRIMARY KEY (`question_id`)
) ENGINE=InnoDB DEFAULT CHARSET=utf8;

LOCK TABLES `user_12` WRITE;
/*!40000 ALTER TABLE `user_12` DISABLE KEYS */;

INSERT INTO `user_12` (`question_id`, `n`, `newInt`, `EF`, `previous_qValue`, `nextReview`, `user_id`)
VALUES
	(1,1,1,2.5,2.5,'2014-08-11 00:00:00',12),
	(2,2,3,2.6,2.5,'2014-08-13 00:00:00',12),
	(3,2,3,2.6,2.5,'2014-08-13 00:00:00',12),
	(4,2,3,2.6,2.5,'2014-08-13 00:00:00',12),
	(5,1,1,2.5,2.5,'2014-08-11 00:00:00',12),
	(6,2,3,2.6,2.5,'2014-08-13 00:00:00',12),
	(7,1,1,2.5,2.5,'2014-08-11 00:00:00',12),
	(8,1,1,2.5,2.5,'2014-08-11 00:00:00',12),
	(9,2,3,2.6,2.5,'2014-08-13 00:00:00',12),
	(10,2,3,2.6,2.5,'2014-08-13 00:00:00',12);

/*!40000 ALTER TABLE `user_12` ENABLE KEYS */;
UNLOCK TABLES;


# Dump of table user_13
# ------------------------------------------------------------

DROP TABLE IF EXISTS `user_13`;

CREATE TABLE `user_13` (
  `question_id` int(11) NOT NULL,
  `n` int(11) NOT NULL,
  `newInt` int(11) NOT NULL,
  `EF` float NOT NULL,
  `previous_qValue` float DEFAULT NULL,
  `nextReview` datetime NOT NULL,
  `user_id` int(11) NOT NULL,
  PRIMARY KEY (`question_id`)
) ENGINE=InnoDB DEFAULT CHARSET=utf8;

LOCK TABLES `user_13` WRITE;
/*!40000 ALTER TABLE `user_13` DISABLE KEYS */;

INSERT INTO `user_13` (`question_id`, `n`, `newInt`, `EF`, `previous_qValue`, `nextReview`, `user_id`)
VALUES
	(1,1,1,2.5,2.5,'2014-08-17 00:00:00',13),
	(2,2,3,2.6,2.5,'2014-08-19 00:00:00',13),
	(3,2,3,2.6,2.5,'2014-08-19 00:00:00',13),
	(4,2,3,2.6,2.5,'2014-08-19 00:00:00',13),
	(5,2,3,2.5,2.5,'2014-08-19 00:00:00',13),
	(6,2,3,2.6,2.5,'2014-08-19 00:00:00',13),
	(7,2,3,2.6,2.5,'2014-08-19 00:00:00',13),
	(8,2,3,2.6,2.5,'2014-08-19 00:00:00',13),
	(9,2,3,2.5,2.5,'2014-08-19 00:00:00',13),
	(10,2,3,2.5,2.5,'2014-08-19 00:00:00',13);

/*!40000 ALTER TABLE `user_13` ENABLE KEYS */;
UNLOCK TABLES;


# Dump of table user_14
# ------------------------------------------------------------

DROP TABLE IF EXISTS `user_14`;

CREATE TABLE `user_14` (
  `question_id` int(11) NOT NULL,
  `n` int(11) NOT NULL,
  `newInt` int(11) NOT NULL,
  `EF` float NOT NULL,
  `previous_qValue` float DEFAULT NULL,
  `nextReview` datetime NOT NULL,
  `user_id` int(11) NOT NULL,
  PRIMARY KEY (`question_id`)
) ENGINE=InnoDB DEFAULT CHARSET=utf8;

LOCK TABLES `user_14` WRITE;
/*!40000 ALTER TABLE `user_14` DISABLE KEYS */;

INSERT INTO `user_14` (`question_id`, `n`, `newInt`, `EF`, `previous_qValue`, `nextReview`, `user_id`)
VALUES
	(1,1,1,2.5,2.5,'2014-08-18 00:00:00',14),
	(2,2,3,2.6,2.5,'2014-08-21 00:00:00',14),
	(3,1,1,2.5,2.5,'2014-08-18 00:00:00',14),
	(4,2,3,2.6,2.5,'2014-08-20 00:00:00',14),
	(5,1,1,2.5,2.5,'2014-08-18 00:00:00',14),
	(6,4,22,2.7,2.5,'2014-09-08 00:00:00',14),
	(7,1,1,2.5,2.5,'2014-08-18 00:00:00',14),
	(8,1,1,2.5,2.5,'2014-08-18 00:00:00',14),
	(9,3,7,2.18,2.5,'2014-08-24 00:00:00',14),
	(10,1,1,2.5,2.5,'2014-08-17 00:00:00',14);

/*!40000 ALTER TABLE `user_14` ENABLE KEYS */;
UNLOCK TABLES;


# Dump of table user_15
# ------------------------------------------------------------

DROP TABLE IF EXISTS `user_15`;

CREATE TABLE `user_15` (
  `question_id` int(11) NOT NULL,
  `n` int(11) NOT NULL,
  `newInt` int(11) NOT NULL,
  `EF` float NOT NULL,
  `previous_qValue` float DEFAULT NULL,
  `nextReview` datetime NOT NULL,
  `user_id` int(11) NOT NULL,
  PRIMARY KEY (`question_id`)
) ENGINE=InnoDB DEFAULT CHARSET=utf8;

LOCK TABLES `user_15` WRITE;
/*!40000 ALTER TABLE `user_15` DISABLE KEYS */;

INSERT INTO `user_15` (`question_id`, `n`, `newInt`, `EF`, `previous_qValue`, `nextReview`, `user_id`)
VALUES
	(1,2,3,2.6,2.5,'2014-08-24 00:00:00',15),
	(2,3,8,2.7,2.5,'2014-08-29 00:00:00',15),
	(3,2,3,2.6,2.5,'2014-08-24 00:00:00',15),
	(4,3,8,2.6,2.5,'2014-08-29 00:00:00',15),
	(5,3,8,2.7,2.5,'2014-08-29 00:00:00',15),
	(6,3,8,2.7,2.5,'2014-08-29 00:00:00',15),
	(7,3,7,2.28,2.5,'2014-08-28 00:00:00',15),
	(8,3,8,2.7,2.5,'2014-08-29 00:00:00',15),
	(9,3,8,2.7,2.5,'2014-08-29 00:00:00',15),
	(10,13,602372,3.22,2.5,'3663-11-16 00:00:00',15);

/*!40000 ALTER TABLE `user_15` ENABLE KEYS */;
UNLOCK TABLES;


# Dump of table user_16
# ------------------------------------------------------------

DROP TABLE IF EXISTS `user_16`;

CREATE TABLE `user_16` (
  `question_id` int(11) NOT NULL,
  `n` int(11) NOT NULL,
  `newInt` int(11) NOT NULL,
  `EF` float NOT NULL,
  `previous_qValue` float DEFAULT NULL,
  `nextReview` datetime NOT NULL,
  `user_id` int(11) NOT NULL,
  PRIMARY KEY (`question_id`)
) ENGINE=InnoDB DEFAULT CHARSET=utf8;

LOCK TABLES `user_16` WRITE;
/*!40000 ALTER TABLE `user_16` DISABLE KEYS */;

INSERT INTO `user_16` (`question_id`, `n`, `newInt`, `EF`, `previous_qValue`, `nextReview`, `user_id`)
VALUES
	(1,1,1,2.5,2.5,'2014-08-22 00:00:00',16),
	(2,2,3,2.6,2.5,'2014-08-24 00:00:00',16),
	(3,2,3,2.6,2.5,'2014-08-24 00:00:00',16),
	(4,2,3,2.6,2.5,'2014-08-24 00:00:00',16),
	(5,2,3,2.6,2.5,'2014-08-24 00:00:00',16),
	(6,2,3,2.6,2.5,'2014-08-24 00:00:00',16),
	(7,2,3,2.6,2.5,'2014-08-24 00:00:00',16),
	(8,1,1,2.5,2.5,'2014-08-22 00:00:00',16),
	(9,2,3,2.6,2.5,'2014-08-24 00:00:00',16),
	(10,2,3,2.5,2.5,'2014-08-24 00:00:00',16);

/*!40000 ALTER TABLE `user_16` ENABLE KEYS */;
UNLOCK TABLES;


# Dump of table user_17
# ------------------------------------------------------------

DROP TABLE IF EXISTS `user_17`;

CREATE TABLE `user_17` (
  `question_id` int(11) NOT NULL,
  `n` int(11) NOT NULL,
  `newInt` int(11) NOT NULL,
  `EF` float NOT NULL,
  `previous_qValue` float DEFAULT NULL,
  `nextReview` datetime NOT NULL,
  `user_id` int(11) NOT NULL,
  PRIMARY KEY (`question_id`)
) ENGINE=InnoDB DEFAULT CHARSET=utf8;

LOCK TABLES `user_17` WRITE;
/*!40000 ALTER TABLE `user_17` DISABLE KEYS */;

INSERT INTO `user_17` (`question_id`, `n`, `newInt`, `EF`, `previous_qValue`, `nextReview`, `user_id`)
VALUES
	(1,3,8,2.7,2.5,'2014-08-29 00:00:00',17),
	(2,1,1,2.5,2.5,'2014-08-22 00:00:00',17),
	(3,2,3,2.6,2.5,'2014-08-24 00:00:00',17),
	(4,2,3,2.6,2.5,'2014-08-24 00:00:00',17),
	(5,2,3,2.6,2.5,'2014-08-24 00:00:00',17),
	(6,2,3,2.6,2.5,'2014-08-24 00:00:00',17),
	(7,2,3,2.6,2.5,'2014-08-24 00:00:00',17),
	(8,3,7,2.28,2.5,'2014-08-28 00:00:00',17),
	(9,2,3,2.6,2.5,'2014-08-24 00:00:00',17),
	(10,2,3,2.6,2.5,'2014-08-24 00:00:00',17);

/*!40000 ALTER TABLE `user_17` ENABLE KEYS */;
UNLOCK TABLES;


# Dump of table user_18
# ------------------------------------------------------------

DROP TABLE IF EXISTS `user_18`;

CREATE TABLE `user_18` (
  `question_id` int(11) NOT NULL,
  `n` int(11) NOT NULL,
  `newInt` int(11) NOT NULL,
  `EF` float NOT NULL,
  `previous_qValue` float DEFAULT NULL,
  `nextReview` datetime NOT NULL,
  `user_id` int(11) NOT NULL,
  PRIMARY KEY (`question_id`)
) ENGINE=InnoDB DEFAULT CHARSET=utf8;

LOCK TABLES `user_18` WRITE;
/*!40000 ALTER TABLE `user_18` DISABLE KEYS */;

INSERT INTO `user_18` (`question_id`, `n`, `newInt`, `EF`, `previous_qValue`, `nextReview`, `user_id`)
VALUES
	(1,2,3,2.5,2.5,'2014-08-30 00:00:00',18),
	(2,1,1,2.5,2.5,'2014-08-28 00:00:00',18),
	(3,1,1,2.5,2.5,'2014-08-28 00:00:00',18),
	(4,2,3,2.5,2.5,'2014-08-30 00:00:00',18),
	(5,2,3,2.5,2.5,'2014-08-30 00:00:00',18),
	(6,2,3,2.5,2.5,'2014-08-30 00:00:00',18),
	(7,2,3,2.5,2.5,'2014-08-30 00:00:00',18),
	(8,1,1,2.5,2.5,'2014-08-28 00:00:00',18),
	(9,2,3,2.5,2.5,'2014-08-30 00:00:00',18),
	(10,2,3,2.5,2.5,'2014-08-30 00:00:00',18);

/*!40000 ALTER TABLE `user_18` ENABLE KEYS */;
UNLOCK TABLES;


# Dump of table user_19
# ------------------------------------------------------------

DROP TABLE IF EXISTS `user_19`;

CREATE TABLE `user_19` (
  `question_id` int(11) NOT NULL,
  `n` int(11) NOT NULL,
  `newInt` int(11) NOT NULL,
  `EF` float NOT NULL,
  `previous_qValue` float DEFAULT NULL,
  `nextReview` datetime NOT NULL,
  `user_id` int(11) NOT NULL,
  PRIMARY KEY (`question_id`)
) ENGINE=InnoDB DEFAULT CHARSET=utf8;

LOCK TABLES `user_19` WRITE;
/*!40000 ALTER TABLE `user_19` DISABLE KEYS */;

INSERT INTO `user_19` (`question_id`, `n`, `newInt`, `EF`, `previous_qValue`, `nextReview`, `user_id`)
VALUES
	(1,1,1,2.5,2.5,'2014-08-27 11:52:47',19),
	(2,1,1,2.5,2.5,'2014-08-27 11:52:47',19),
	(3,1,1,2.5,2.5,'2014-08-27 11:52:47',19),
	(4,1,1,2.5,2.5,'2014-08-27 11:52:47',19),
	(5,1,1,2.5,2.5,'2014-08-27 11:52:47',19),
	(6,1,1,2.5,2.5,'2014-08-27 11:52:47',19),
	(7,1,1,2.5,2.5,'2014-08-27 11:52:47',19),
	(8,1,1,2.5,2.5,'2014-08-27 11:52:47',19),
	(9,1,1,2.5,2.5,'2014-08-27 11:52:47',19),
	(10,1,1,2.5,2.5,'2014-08-27 11:52:47',19);

/*!40000 ALTER TABLE `user_19` ENABLE KEYS */;
UNLOCK TABLES;


# Dump of table user_21
# ------------------------------------------------------------

DROP TABLE IF EXISTS `user_21`;

CREATE TABLE `user_21` (
  `question_id` int(11) NOT NULL,
  `n` int(11) NOT NULL,
  `newInt` int(11) NOT NULL,
  `EF` float NOT NULL,
  `previous_qValue` float DEFAULT NULL,
  `nextReview` datetime NOT NULL,
  `user_id` int(11) NOT NULL,
  PRIMARY KEY (`question_id`)
) ENGINE=InnoDB DEFAULT CHARSET=utf8;

LOCK TABLES `user_21` WRITE;
/*!40000 ALTER TABLE `user_21` DISABLE KEYS */;

INSERT INTO `user_21` (`question_id`, `n`, `newInt`, `EF`, `previous_qValue`, `nextReview`, `user_id`)
VALUES
	(1,1,1,2.5,2.5,'2014-08-28 00:00:00',21),
	(2,1,1,2.5,2.5,'2014-08-27 11:59:38',21),
	(3,1,1,2.5,2.5,'2014-08-27 11:59:38',21),
	(4,1,1,2.5,2.5,'2014-08-27 11:59:38',21),
	(5,1,1,2.5,2.5,'2014-08-27 11:59:38',21),
	(6,1,1,2.5,2.5,'2014-08-27 11:59:38',21),
	(7,1,1,2.5,2.5,'2014-08-27 11:59:38',21),
	(8,1,1,2.5,2.5,'2014-08-27 11:59:38',21),
	(9,1,1,2.5,2.5,'2014-08-27 11:59:38',21),
	(10,1,1,2.5,2.5,'2014-08-27 11:59:38',21);

/*!40000 ALTER TABLE `user_21` ENABLE KEYS */;
UNLOCK TABLES;


# Dump of table user_22
# ------------------------------------------------------------

DROP TABLE IF EXISTS `user_22`;

CREATE TABLE `user_22` (
  `question_id` int(11) NOT NULL,
  `n` int(11) NOT NULL,
  `newInt` int(11) NOT NULL,
  `EF` float NOT NULL,
  `previous_qValue` float DEFAULT NULL,
  `nextReview` datetime NOT NULL,
  `user_id` int(11) NOT NULL,
  PRIMARY KEY (`question_id`)
) ENGINE=InnoDB DEFAULT CHARSET=utf8;

LOCK TABLES `user_22` WRITE;
/*!40000 ALTER TABLE `user_22` DISABLE KEYS */;

INSERT INTO `user_22` (`question_id`, `n`, `newInt`, `EF`, `previous_qValue`, `nextReview`, `user_id`)
VALUES
	(1,2,3,2.6,5,'2014-08-30 00:00:00',22),
	(2,1,1,2.5,3,'2014-08-28 00:00:00',22),
	(3,1,1,2.5,2,'2014-08-28 00:00:00',22),
	(4,2,3,2.6,5,'2014-08-30 00:00:00',22),
	(5,2,3,2.5,4,'2014-08-30 00:00:00',22),
	(6,2,3,2.6,5,'2014-08-30 00:00:00',22),
	(7,2,3,2.6,5,'2014-08-30 00:00:00',22),
	(8,1,1,2.5,0,'2014-08-28 00:00:00',22),
	(9,2,3,2.6,5,'2014-08-30 00:00:00',22),
	(10,1,1,2.5,2,'2014-08-28 00:00:00',22);

/*!40000 ALTER TABLE `user_22` ENABLE KEYS */;
UNLOCK TABLES;


# Dump of table user_23
# ------------------------------------------------------------

DROP TABLE IF EXISTS `user_23`;

CREATE TABLE `user_23` (
  `question_id` int(11) NOT NULL,
  `n` int(11) NOT NULL,
  `newInt` int(11) NOT NULL,
  `EF` float NOT NULL,
  `previous_qValue` float DEFAULT NULL,
  `nextReview` datetime NOT NULL,
  `user_id` int(11) NOT NULL,
  PRIMARY KEY (`question_id`)
) ENGINE=InnoDB DEFAULT CHARSET=utf8;

LOCK TABLES `user_23` WRITE;
/*!40000 ALTER TABLE `user_23` DISABLE KEYS */;

INSERT INTO `user_23` (`question_id`, `n`, `newInt`, `EF`, `previous_qValue`, `nextReview`, `user_id`)
VALUES
	(1,1,1,2.5,3,'2014-08-28 00:00:00',23),
	(2,4,21,2.6,5,'2014-09-17 00:00:00',23),
	(3,2,3,2.5,4,'2014-08-30 00:00:00',23),
	(4,1,1,2.5,3,'2014-08-28 00:00:00',23),
	(5,2,3,2.5,4,'2014-08-30 00:00:00',23),
	(6,2,3,2.5,4,'2014-08-30 00:00:00',23),
	(7,1,1,2.5,3,'2014-08-28 00:00:00',23),
	(8,1,1,2.5,2,'2014-08-28 00:00:00',23),
	(9,2,3,2.5,4,'2014-08-30 00:00:00',23),
	(10,2,3,2.5,4,'2014-08-30 00:00:00',23);

/*!40000 ALTER TABLE `user_23` ENABLE KEYS */;
UNLOCK TABLES;


# Dump of table user_24
# ------------------------------------------------------------

DROP TABLE IF EXISTS `user_24`;

CREATE TABLE `user_24` (
  `question_id` int(11) NOT NULL,
  `n` int(11) NOT NULL,
  `newInt` int(11) NOT NULL,
  `EF` float NOT NULL,
  `previous_qValue` float DEFAULT NULL,
  `nextReview` datetime NOT NULL,
  `user_id` int(11) NOT NULL,
  PRIMARY KEY (`question_id`)
) ENGINE=InnoDB DEFAULT CHARSET=utf8;

LOCK TABLES `user_24` WRITE;
/*!40000 ALTER TABLE `user_24` DISABLE KEYS */;

INSERT INTO `user_24` (`question_id`, `n`, `newInt`, `EF`, `previous_qValue`, `nextReview`, `user_id`)
VALUES
	(1,2,3,2.6,5,'2014-08-30 00:00:00',24),
	(2,3,8,2.7,5,'2014-09-04 00:00:00',24),
	(3,1,1,2.5,3,'2014-08-28 00:00:00',24),
	(4,3,7,2.28,2,'2014-09-03 00:00:00',24),
	(5,2,3,2.6,5,'2014-08-30 00:00:00',24),
	(6,1,1,2.5,1,'2014-08-27 00:00:00',24),
	(7,2,3,2.6,5,'2014-08-30 00:00:00',24),
	(8,1,1,2.5,0,'2014-08-28 00:00:00',24),
	(9,3,7,2.46,3,'2014-09-03 00:00:00',24),
	(10,5,47,2.48,5,'2014-10-13 00:00:00',24);

/*!40000 ALTER TABLE `user_24` ENABLE KEYS */;
UNLOCK TABLES;


# Dump of table user_25
# ------------------------------------------------------------

DROP TABLE IF EXISTS `user_25`;

CREATE TABLE `user_25` (
  `question_id` int(11) NOT NULL,
  `n` int(11) NOT NULL,
  `newInt` int(11) NOT NULL,
  `EF` float NOT NULL,
  `previous_qValue` float DEFAULT NULL,
  `nextReview` datetime NOT NULL,
  `user_id` int(11) NOT NULL,
  PRIMARY KEY (`question_id`)
) ENGINE=InnoDB DEFAULT CHARSET=utf8;

LOCK TABLES `user_25` WRITE;
/*!40000 ALTER TABLE `user_25` DISABLE KEYS */;

INSERT INTO `user_25` (`question_id`, `n`, `newInt`, `EF`, `previous_qValue`, `nextReview`, `user_id`)
VALUES
	(1,4,22,2.7,5,'2014-09-18 00:00:00',25),
	(2,2,3,2.6,5,'2014-08-30 00:00:00',25),
	(3,2,3,2.6,5,'2014-08-30 00:00:00',25),
	(4,1,1,2.5,3,'2014-08-28 00:00:00',25),
	(5,2,3,2.6,5,'2014-08-30 00:00:00',25),
	(6,2,3,2.6,5,'2014-08-30 00:00:00',25),
	(7,3,7,2.46,3,'2014-09-03 00:00:00',25),
	(8,2,3,2.6,5,'2014-08-30 00:00:00',25),
	(9,1,1,2.5,3,'2014-08-28 00:00:00',25),
	(10,2,3,2.6,5,'2014-08-30 00:00:00',25);

/*!40000 ALTER TABLE `user_25` ENABLE KEYS */;
UNLOCK TABLES;


# Dump of table user_26
# ------------------------------------------------------------

DROP TABLE IF EXISTS `user_26`;

CREATE TABLE `user_26` (
  `question_id` int(11) NOT NULL,
  `n` int(11) NOT NULL,
  `newInt` int(11) NOT NULL,
  `EF` float NOT NULL,
  `previous_qValue` float DEFAULT NULL,
  `nextReview` datetime NOT NULL,
  `user_id` int(11) NOT NULL,
  PRIMARY KEY (`question_id`)
) ENGINE=InnoDB DEFAULT CHARSET=utf8;

LOCK TABLES `user_26` WRITE;
/*!40000 ALTER TABLE `user_26` DISABLE KEYS */;

INSERT INTO `user_26` (`question_id`, `n`, `newInt`, `EF`, `previous_qValue`, `nextReview`, `user_id`)
VALUES
	(1,5,64,2.9,5,'2014-10-31 00:00:00',26),
	(2,2,3,2.6,5,'2014-08-31 00:00:00',26),
	(3,6,124,2.34,2,'2014-12-30 00:00:00',26),
	(4,3,7,2.28,2,'2014-09-04 00:00:00',26),
	(5,2,3,2.6,5,'2014-08-31 00:00:00',26),
	(6,2,3,2.6,5,'2014-08-31 00:00:00',26),
	(7,3,7,2.46,3,'2014-09-04 00:00:00',26),
	(8,1,1,2.5,3,'2014-08-29 00:00:00',26),
	(9,3,7,2.28,2,'2014-09-04 00:00:00',26),
	(10,2,3,2.6,5,'2014-08-31 00:00:00',26);

/*!40000 ALTER TABLE `user_26` ENABLE KEYS */;
UNLOCK TABLES;


# Dump of table user_6
# ------------------------------------------------------------

DROP TABLE IF EXISTS `user_6`;

CREATE TABLE `user_6` (
  `question_id` int(11) NOT NULL,
  `n` int(11) NOT NULL,
  `newInt` int(11) NOT NULL,
  `EF` float NOT NULL,
  `previous_qValue` float DEFAULT NULL,
  `nextReview` datetime NOT NULL,
  `user_id` int(11) NOT NULL,
  PRIMARY KEY (`question_id`)
) ENGINE=InnoDB DEFAULT CHARSET=utf8;

LOCK TABLES `user_6` WRITE;
/*!40000 ALTER TABLE `user_6` DISABLE KEYS */;

INSERT INTO `user_6` (`question_id`, `n`, `newInt`, `EF`, `previous_qValue`, `nextReview`, `user_id`)
VALUES
	(1,1,1,2.5,1,'2014-08-28 00:00:00',6),
	(2,1,1,2.5,2.5,'2014-08-20 00:00:00',6),
	(3,4,22,2.8,2.5,'2014-09-11 00:00:00',6),
	(4,2,3,2.6,2.5,'2014-08-23 00:00:00',6),
	(5,1,1,2.5,2.5,'2014-08-20 00:00:00',6),
	(6,3,8,2.7,2.5,'2014-09-02 00:00:00',6),
	(7,1,1,2.5,2.5,'2014-08-20 00:00:00',6),
	(8,1,1,2.5,2.5,'2014-08-20 00:00:00',6),
	(9,4,20,2.56,2.5,'2014-09-09 00:00:00',6),
	(10,1,1,2.5,2.5,'2014-08-20 00:00:00',6);

/*!40000 ALTER TABLE `user_6` ENABLE KEYS */;
UNLOCK TABLES;


# Dump of table user_7
# ------------------------------------------------------------

DROP TABLE IF EXISTS `user_7`;

CREATE TABLE `user_7` (
  `question_id` int(11) NOT NULL,
  `n` int(11) NOT NULL,
  `newInt` int(11) NOT NULL,
  `EF` float NOT NULL,
  `previous_qValue` float DEFAULT NULL,
  `nextReview` datetime NOT NULL,
  `user_id` int(11) NOT NULL,
  PRIMARY KEY (`question_id`)
) ENGINE=InnoDB DEFAULT CHARSET=utf8;

LOCK TABLES `user_7` WRITE;
/*!40000 ALTER TABLE `user_7` DISABLE KEYS */;

INSERT INTO `user_7` (`question_id`, `n`, `newInt`, `EF`, `previous_qValue`, `nextReview`, `user_id`)
VALUES
	(1,2,3,2.6,2.5,'2014-08-12 00:00:00',7),
	(2,3,8,2.7,5,'2014-09-04 00:00:00',7),
	(3,2,3,2.5,4,'2014-08-30 00:00:00',7),
	(4,2,3,2.6,2.5,'2014-08-12 00:00:00',7),
	(5,2,3,2.6,5,'2014-08-30 00:00:00',7),
	(6,2,3,2.6,2.5,'2014-08-12 00:00:00',7),
	(7,2,3,2.6,2.5,'2014-08-12 00:00:00',7),
	(8,2,3,2.6,2.5,'2014-08-12 00:00:00',7),
	(9,3,8,2.7,5,'2014-09-04 00:00:00',7),
	(10,1,1,2.5,3,'2014-08-28 00:00:00',7);

/*!40000 ALTER TABLE `user_7` ENABLE KEYS */;
UNLOCK TABLES;


# Dump of table user_8
# ------------------------------------------------------------

DROP TABLE IF EXISTS `user_8`;

CREATE TABLE `user_8` (
  `question_id` int(11) NOT NULL,
  `n` int(11) NOT NULL,
  `newInt` int(11) NOT NULL,
  `EF` float NOT NULL,
  `previous_qValue` float DEFAULT NULL,
  `nextReview` datetime NOT NULL,
  `user_id` int(11) NOT NULL,
  PRIMARY KEY (`question_id`)
) ENGINE=InnoDB DEFAULT CHARSET=utf8;

LOCK TABLES `user_8` WRITE;
/*!40000 ALTER TABLE `user_8` DISABLE KEYS */;

INSERT INTO `user_8` (`question_id`, `n`, `newInt`, `EF`, `previous_qValue`, `nextReview`, `user_id`)
VALUES
	(1,1,1,2.5,2.5,'2014-08-20 00:00:00',8),
	(2,1,1,2.5,2.5,'2014-08-20 00:00:00',8),
	(3,2,3,2.6,2.5,'2014-08-12 00:00:00',8),
	(4,1,1,2.5,2.5,'2014-08-20 00:00:00',8),
	(5,2,3,2.6,2.5,'2014-08-12 00:00:00',8),
	(6,2,3,2.6,2.5,'2014-08-12 00:00:00',8),
	(7,1,1,2.5,2.5,'2014-08-20 00:00:00',8),
	(8,3,7,2.46,2.5,'2014-08-16 00:00:00',8),
	(9,1,1,2.5,2.5,'2014-08-20 00:00:00',8),
	(10,2,3,2.6,2.5,'2014-08-23 00:00:00',8);

/*!40000 ALTER TABLE `user_8` ENABLE KEYS */;
UNLOCK TABLES;


# Dump of table user_9
# ------------------------------------------------------------

DROP TABLE IF EXISTS `user_9`;

CREATE TABLE `user_9` (
  `question_id` int(11) NOT NULL,
  `n` int(11) NOT NULL,
  `newInt` int(11) NOT NULL,
  `EF` float NOT NULL,
  `previous_qValue` float DEFAULT NULL,
  `nextReview` datetime NOT NULL,
  `user_id` int(11) NOT NULL,
  PRIMARY KEY (`question_id`)
) ENGINE=InnoDB DEFAULT CHARSET=utf8;

LOCK TABLES `user_9` WRITE;
/*!40000 ALTER TABLE `user_9` DISABLE KEYS */;

INSERT INTO `user_9` (`question_id`, `n`, `newInt`, `EF`, `previous_qValue`, `nextReview`, `user_id`)
VALUES
	(1,1,1,2.5,2.5,'2014-08-10 00:00:00',9),
	(2,1,1,2.5,2.5,'2014-08-10 00:00:00',9),
	(3,2,3,2.5,2.5,'2014-08-12 00:00:00',9),
	(4,1,1,2.5,2.5,'2014-08-10 00:00:00',9),
	(5,1,1,2.5,2.5,'2014-08-10 00:00:00',9),
	(6,2,3,2.5,2.5,'2014-08-12 00:00:00',9),
	(7,2,3,2.5,2.5,'2014-08-12 00:00:00',9),
	(8,2,3,2.5,2.5,'2014-08-12 00:00:00',9),
	(9,2,3,2.5,2.5,'2014-08-12 00:00:00',9),
	(10,4,21,2.6,2.5,'2014-08-30 00:00:00',9);

/*!40000 ALTER TABLE `user_9` ENABLE KEYS */;
UNLOCK TABLES;


# Dump of table users
# ------------------------------------------------------------

DROP TABLE IF EXISTS `users`;

CREATE TABLE `users` (
  `user_id` int(11) unsigned NOT NULL AUTO_INCREMENT,
  `email` varchar(30) DEFAULT NULL,
  `password` varchar(30) DEFAULT NULL,
  `nextReview` date DEFAULT NULL,
  `question_id` int(11) DEFAULT NULL,
  `notifications` tinyint(1) DEFAULT '1',
  PRIMARY KEY (`user_id`)
) ENGINE=InnoDB AUTO_INCREMENT=27 DEFAULT CHARSET=latin1;

LOCK TABLES `users` WRITE;
/*!40000 ALTER TABLE `users` DISABLE KEYS */;

INSERT INTO `users` (`user_id`, `email`, `password`, `nextReview`, `question_id`, `notifications`)
VALUES
	(1,'fionka78@hotmail.com','1234','2014-08-31',10,1),
	(3,'fionka78@hotmail.com','12345',NULL,NULL,0),
	(4,'fionka79@hotmail.com','12345',NULL,NULL,0),
	(5,'fionka80@hotmail.com','12345',NULL,NULL,0),
	(6,'fionka81@hotmail.com','12345','2014-08-28',1,0),
	(7,'fionka82@hotmail.com','1234','2014-08-28',10,0),
	(8,'test@hotmail.com','test',NULL,NULL,0),
	(9,'Isab@hotmail.com','joseph',NULL,NULL,0),
	(10,'Tttttt@hotmail.com','ggggg',NULL,NULL,0),
	(11,'test2@hotmail.com','1234',NULL,NULL,0),
	(12,'test3@hotmail.com','test',NULL,NULL,0),
	(13,'flowchartTest@hotmail.com','1234',NULL,NULL,0),
	(14,'test4@hotmail.com','test4',NULL,NULL,0),
	(15,'test5@hotmail.com','1234','3663-11-16',10,1),
	(16,'test6@hotmail.com','1234','2014-08-22',1,1),
	(17,'test7@hotmail.com','1234','2014-08-28',8,1),
	(18,'pauljamesstacey@outlook.com','1234','2014-08-30',1,0),
	(19,'test8@hotmail.com','1234',NULL,NULL,1),
	(20,'test9@hotmail.com','1234',NULL,NULL,1),
	(21,'test10@hotmail.com','1234','2014-08-28',1,1),
	(22,'test22@hotmail.com','1234','2014-08-28',2,1),
	(23,'Phonetest@hotmail.com','1234','2014-09-17',2,1),
	(24,'iPad@hotmail.com','1234','2014-10-13',10,1),
	(25,'test12@hotmail.com','1234','2014-09-18',1,1),
	(26,'admin@hotmail.com','1234','2014-12-30',3,1);

/*!40000 ALTER TABLE `users` ENABLE KEYS */;
UNLOCK TABLES;



/*!40111 SET SQL_NOTES=@OLD_SQL_NOTES */;
/*!40101 SET SQL_MODE=@OLD_SQL_MODE */;
/*!40014 SET FOREIGN_KEY_CHECKS=@OLD_FOREIGN_KEY_CHECKS */;
/*!40101 SET CHARACTER_SET_CLIENT=@OLD_CHARACTER_SET_CLIENT */;
/*!40101 SET CHARACTER_SET_RESULTS=@OLD_CHARACTER_SET_RESULTS */;
/*!40101 SET COLLATION_CONNECTION=@OLD_COLLATION_CONNECTION */;
